Link Name,Center of Mass X,Center of Mass Y,Center of Mass Z,Center of Mass Roll,Center of Mass Pitch,Center of Mass Yaw,Mass,Moment Ixx,Moment Ixy,Moment Ixz,Moment Iyy,Moment Iyz,Moment Izz,Visual X,Visual Y,Visual Z,Visual Roll,Visual Pitch,Visual Yaw,Mesh Filename,Color Red,Color Green,Color Blue,Color Alpha,Collision X,Collision Y,Collision Z,Collision Roll,Collision Pitch,Collision Yaw,Collision Mesh Filename,Material Name,SW Components,Coordinate System,Axis Name,Joint Name,Joint Type,Joint Origin X,Joint Origin Y,Joint Origin Z,Joint Origin Roll,Joint Origin Pitch,Joint Origin Yaw,Parent,Joint Axis X,Joint Axis Y,Joint Axis Z,Limit Effort,Limit Velocity,Limit Lower,Limit Upper,Calibration rising,Calibration falling,Dynamics Damping,Dynamics Friction,Safety Soft Upper,Safety Soft Lower,Safety K Position,Safety K Velocity
base_link,0.00044763,0.003692,0.02058,0,0,0,0.11413,3.6608E-05,1.8352E-13,-2.0312E-07,7.9933E-05,-6.8317E-09,8.4879E-05,0,0,0,0,0,0,package://Arm Assembly URDF V2/meshes/base_link.STL,0.89804,0.91765,0.92941,1,0,0,0,0,0,0,package://Arm Assembly URDF V2/meshes/base_link.STL,,Servo Bracket - Long U-2;Servo Bracket - Long U-1;servo motor mount-1;MG996R Servo Motor-6,Coordinate System1,,,,0,0,0,0,0,0,,0,0,0,,,,,,,,,,,,
base_shoulder1,0.010205,0.0021411,-0.015583,0,0,0,0.019462,2.2438E-06,-6.8317E-09,-1.8352E-13,4.9467E-06,2.0312E-07,5.1587E-06,0,0,0,0,0,0,package://Arm Assembly URDF V2/meshes/base_shoulder1.STL,0.79216,0.81961,0.93333,1,0,0,0,0,0,0,package://Arm Assembly URDF V2/meshes/base_shoulder1.STL,,MG996R Servo Motor-7;25T Disk.step-1;servo motor mount-2,Origin_shoulder1,Axis1,shoulder1,revolute,0.00061398,0.032559,0.0737,-3.1416,0,1.5708,base_link,0,0,-1,300,3,0,3.142,,,,,,,,
shoulder1_shoulder2,-0.0004312,-0.051134,-4.3368E-19,0,0,0,0.017081,7.6459E-06,-2.0353E-20,-5.2328E-20,1.0536E-05,2.3223E-22,1.6393E-05,0,0,0,0,0,0,package://Arm Assembly URDF V2/meshes/shoulder1_shoulder2.STL,0.62745,0.62745,0.62745,1,0,0,0,0,0,0,package://Arm Assembly URDF V2/meshes/shoulder1_shoulder2.STL,,25T Disk.step-2;Servo Bracket - U Shaped bis-3;Servo Bracket - U Shaped bis-2,Origin_shoulder2,Axis2,shoulder2,revolute,0.00075,0,-0.018073,1.5708,0,-1.5708,base_shoulder1,1,0,0,300,3,-1.57,1.57,,,,,,,,
shoulder2_elbow,0.0034175,0.023011,-0.044684,0,0,0,0.05644,1.3489E-05,4.0624E-07,3.6704E-13,1.3292E-05,-1.3663E-08,6.0844E-06,0,0,0,0,0,0,package://Arm Assembly URDF V2/meshes/shoulder2_elbow.STL,0.89804,0.91765,0.92941,1,0,0,0,0,0,0,package://Arm Assembly URDF V2/meshes/shoulder2_elbow.STL,,Servo Mount - Horn Frame-1;servo motor mount-3;Short shaft-1;MG996R Servo Motor-9;Servo Bracket - Corner Mount-1;Servo Bracket - Corner Mount-4;servo motor mount-6;MG996R Servo Motor-8,Origin_elbow,Axis3,elbow,revolute,0.0247,-0.106,0,0,0,1.5708,shoulder1_shoulder2,0,1,0,300,3,-1.57,1.57,,,,,,,,
elbow_wrist1,-0.022349,0.038362,1.4077E-08,0,0,0,0.020286,3.8133E-06,-6.8289E-09,1.04E-12,7.9713E-06,-9.0897E-12,9.7388E-06,0,0,0,0,0,0,package://Arm Assembly URDF V2/meshes/elbow_wrist1.STL,0.62745,0.62745,0.62745,1,0,0,0,0,0,0,package://Arm Assembly URDF V2/meshes/elbow_wrist1.STL,,25T Disk.step-3;Servo Bracket - U Cut out-1;MG996R Servo Motor-10,Origin_wrist1,Axis5,wrist1,revolute,0,0,-0.1126,0,0,-1.5708,shoulder2_elbow,0,1,0,300,3,-1.57,1.57,,,,,,,,
wrist1_wrist2,0.0031739,8.1879E-16,-2.9143E-16,0,0,0,0.00060145,2.96E-08,-2.6839E-23,-1.3026E-22,1.5394E-08,-4.1359E-25,1.5394E-08,0,0,0,0,0,0,package://Arm Assembly URDF V2/meshes/wrist1_wrist2.STL,0.62745,0.62745,0.62745,1,0,0,0,0,0,0,package://Arm Assembly URDF V2/meshes/wrist1_wrist2.STL,,25T Disk.step-4,Origin_wrist2,Axis5,wrist2,revolute,-0.01305,0.0652,0,-2.9133,0,1.5708,elbow_wrist1,1,0,0,300,3,-1.57,1.57,,,,,,,,
